{"cameraMode":{"drawMode":0,"name":"Shaded","section":"Shading Mode"},"sceneLighting":true,"audioPlay":false,"sceneViewState":{"m_AlwaysRefresh":false,"showFog":true,"showSkybox":true,"showFlares":true,"showImageEffects":true,"showParticleSystems":true,"showVisualEffectGraphs":true,"m_FxEnabled":false},"in2DMode":false,"pivot":{"x":0.19802892208099366,"y":-3.3063642978668215,"z":0.3917713165283203},"rotation":{"x":-0.06928549706935883,"y":0.9168012738227844,"z":-0.34855398535728457,"w":-0.18221478164196015},"size":4.832430839538574,"orthographic":false}